{
    "name": "root",
    "metadata": {
        "timer_format_version": "0.1.0",
        "start_time_seconds": "1632767882",
        "python_version": "3.8.10 (tags/v3.8.10:3d8993a, May  3 2021, 11:48:03) [MSC v.1928 64 bit (AMD64)]",
        "command_line_arguments": "E:\\unity 1\\Plants vs zombies clone\\venv\\Scripts\\mlagents-learn --run-id=Test23",
        "mlagents_version": "0.27.0",
        "mlagents_envs_version": "0.27.0",
        "communication_protocol_version": "1.5.0",
        "pytorch_version": "1.9.1+cpu",
        "numpy_version": "1.21.2",
        "end_time_seconds": "1632767917"
    },
    "total": 35.072170500000006,
    "count": 1,
    "self": 0.0044109000000105425,
    "children": {
        "run_training.setup": {
            "total": 0.04385070000000002,
            "count": 1,
            "self": 0.04385070000000002
        },
        "TrainerController.start_learning": {
            "total": 35.023908899999995,
            "count": 1,
            "self": 0.024823000000033346,
            "children": {
                "TrainerController._reset_env": {
                    "total": 13.114417999999999,
                    "count": 1,
                    "self": 13.114417999999999
                },
                "TrainerController.advance": {
                    "total": 21.802556999999968,
                    "count": 1426,
                    "self": 0.02512079999985417,
                    "children": {
                        "env_step": {
                            "total": 21.670696300000035,
                            "count": 1426,
                            "self": 20.800001499999997,
                            "children": {
                                "SubprocessEnvManager._take_step": {
                                    "total": 0.8548436000000148,
                                    "count": 1426,
                                    "self": 0.0698000000000576,
                                    "children": {
                                        "TorchPolicy.evaluate": {
                                            "total": 0.7850435999999572,
                                            "count": 1416,
                                            "self": 0.18169949999997037,
                                            "children": {
                                                "TorchPolicy.sample_actions": {
                                                    "total": 0.6033440999999868,
                                                    "count": 1416,
                                                    "self": 0.6033440999999868
                                                }
                                            }
                                        }
                                    }
                                },
                                "workers": {
                                    "total": 0.01585120000002327,
                                    "count": 1425,
                                    "self": 0.0,
                                    "children": {
                                        "worker_root": {
                                            "total": 21.776345099999947,
                                            "count": 1425,
                                            "is_parallel": true,
                                            "self": 2.1774957999999813,
                                            "children": {
                                                "steps_from_proto": {
                                                    "total": 0.00035730000000100404,
                                                    "count": 1,
                                                    "is_parallel": true,
                                                    "self": 0.00020610000000154116,
                                                    "children": {
                                                        "_process_rank_one_or_two_observation": {
                                                            "total": 0.00015119999999946288,
                                                            "count": 2,
                                                            "is_parallel": true,
                                                            "self": 0.00015119999999946288
                                                        }
                                                    }
                                                },
                                                "UnityEnvironment.step": {
                                                    "total": 19.598491999999965,
                                                    "count": 1425,
                                                    "is_parallel": true,
                                                    "self": 0.09543979999990171,
                                                    "children": {
                                                        "UnityEnvironment._generate_step_input": {
                                                            "total": 0.0702749000000864,
                                                            "count": 1425,
                                                            "is_parallel": true,
                                                            "self": 0.0702749000000864
                                                        },
                                                        "communicator.exchange": {
                                                            "total": 19.17572319999995,
                                                            "count": 1425,
                                                            "is_parallel": true,
                                                            "self": 19.17572319999995
                                                        },
                                                        "steps_from_proto": {
                                                            "total": 0.25705410000002615,
                                                            "count": 1425,
                                                            "is_parallel": true,
                                                            "self": 0.12960480000013952,
                                                            "children": {
                                                                "_process_rank_one_or_two_observation": {
                                                                    "total": 0.12744929999988663,
                                                                    "count": 2850,
                                                                    "is_parallel": true,
                                                                    "self": 0.12744929999988663
                                                                }
                                                            }
                                                        }
                                                    }
                                                }
                                            }
                                        }
                                    }
                                }
                            }
                        },
                        "trainer_advance": {
                            "total": 0.10673990000007905,
                            "count": 1425,
                            "self": 0.02946560000010301,
                            "children": {
                                "process_trajectory": {
                                    "total": 0.07727429999997604,
                                    "count": 1425,