{
    "name": "root",
    "metadata": {
        "timer_format_version": "0.1.0",
        "start_time_seconds": "1632766647",
        "python_version": "3.8.10 (tags/v3.8.10:3d8993a, May  3 2021, 11:48:03) [MSC v.1928 64 bit (AMD64)]",
        "command_line_arguments": "E:\\unity 1\\Plants vs zombies clone\\venv\\Scripts\\mlagents-learn --run-id=Test19",
        "mlagents_version": "0.27.0",
        "mlagents_envs_version": "0.27.0",
        "communication_protocol_version": "1.5.0",
        "pytorch_version": "1.9.1+cpu",
        "numpy_version": "1.21.2",
        "end_time_seconds": "1632766731"
    },
    "total": 83.7285682,
    "count": 1,
    "self": 0.0070279000000113,
    "children": {
        "run_training.setup": {
            "total": 0.04315740000000001,
            "count": 1,
            "self": 0.04315740000000001
        },
        "TrainerController.start_learning": {
            "total": 83.67838289999999,
            "count": 1,
            "self": 0.028597100000027353,
            "children": {
                "TrainerController._reset_env": {
                    "total": 4.9579217,
                    "count": 1,
                    "self": 4.9579217
                },
                "TrainerController.advance": {
                    "total": 78.59914699999995,
                    "count": 1554,
                    "self": 0.025931100000036622,
                    "children": {
                        "env_step": {
                            "total": 78.44410449999998,
                            "count": 1554,
                            "self": 77.50150439999989,
                            "children": {
                                "SubprocessEnvManager._take_step": {
                                    "total": 0.9249312000000449,
                                    "count": 1554,
                                    "self": 0.07624060000014499,
                                    "children": {
                                        "TorchPolicy.evaluate": {
                                            "total": 0.8486905999998999,
                                            "count": 1536,
                                            "self": 0.200251399999817,
                                            "children": {
                                                "TorchPolicy.sample_actions": {
                                                    "total": 0.6484392000000829,
                                                    "count": 1536,
                                                    "self": 0.6484392000000829
                                                }
                                            }
                                        }
                                    }
                                },
                                "workers": {
                                    "total": 0.017668900000050947,
                                    "count": 1553,
                                    "self": 0.0,
                                    "children": {
                                        "worker_root": {
                                            "total": 60.47368659999995,
                                            "count": 1553,
                                            "is_parallel": true,
                                            "self": 2.3919747999999004,
                                            "children": {
                                                "steps_from_proto": {
                                                    "total": 0.00030059999999920706,
                                                    "count": 1,
                                                    "is_parallel": true,
                                                    "self": 0.00016499999999908255,
                                                    "children": {
                                                        "_process_rank_one_or_two_observation": {
                                                            "total": 0.0001356000000001245,
                                                            "count": 2,
                                                            "is_parallel": true,
                                                            "self": 0.0001356000000001245
                                                        }
                                                    }
                                                },
                                                "UnityEnvironment.step": {
                                                    "total": 58.081411200000055,
                                                    "count": 1553,
                                                    "is_parallel": true,
                                                    "self": 0.10668180000009642,
                                                    "children": {
                                                        "UnityEnvironment._generate_step_input": {
                                                            "total": 0.07686400000005911,
                                                            "count": 1553,
                                                            "is_parallel": true,
                                                            "self": 0.07686400000005911
                                                        },
                                                        "communicator.exchange": {
                                                            "total": 57.616130599999856,
                                                            "count": 1553,
                                                            "is_parallel": true,
                                                            "self": 57.616130599999856
                                                        },
                                                        "steps_from_proto": {
                                                            "total": 0.28173480000004236,
                                                            "count": 1553,
                                                            "is_parallel": true,
                                                            "self": 0.1423371999999654,
                                                            "children": {
                                                                "_process_rank_one_or_two_observation": {
                                                                    "total": 0.13939760000007695,
                                                                    "count": 3106,
                                                                    "is_parallel": true,
                                                                    "self": 0.13939760000007695
                                                                }
                                                            }
                                                        }
                                                    }
                                                }
                                            }
                                        }
                                    }
                                }
                            }
                        },
                        "trainer_advance": {
                            "total": 0.12911139999993448,
                            "count": 1553,
                            "self": 0.03377139999993073,
                            "children": {
                                "process_trajectory": {
                                    "total": 0.09534000000000376,
                                    "count": 1553,
                                    "self": 0.09534000000000376
                                }
                            }
                        }
                    }
                },