{"count":1,"self":81.9535616,"total":84.7302867,"children":{"InitializeActuators":{"count":1,"self":0.00099779999999999986,"total":0.00099779999999999986,"children":null},"InitializeSensors":{"count":1,"self":0.0019917999999999997,"total":0.0019917999999999997,"children":null},"AgentSendState":{"count":7886,"self":0.058627,"total":0.1211534,"children":{"CollectObservations":{"count":1578,"self":0.047602099999999994,"total":0.047602099999999994,"children":null},"WriteActionMask":{"count":1578,"self":0.0029717,"total":0.0029717,"children":null},"RequestDecision":{"count":1578,"self":0.011952599999999999,"total":0.011952599999999999,"children":null}}},"DecideAction":{"count":7886,"self":2.6038395999999997,"total":2.6038397,"children":null},"AgentAct":{"count":7886,"self":0.048740399999999996,"total":0.048740399999999996,"children":null}},"gauges":{"Planting behavior.CumulativeReward":{"count":1,"max":8003.5,"min":8003.5,"runningAverage":8003.5,"value":8003.5,"weightedAverage":8003.5}},"metadata":{"timer_format_version":"0.1.0","start_time_seconds":"1632836259","unity_version":"2020.2.1f1","command_line_arguments":"E:\\unity hub\\2020.2.1f1\\Editor\\Unity.exe -projectpath E:\/unity 1\/Plants vs zombies clone -useHub -hubIPC -cloudEnvironment production -hubSessionId d1544ab0-2044-11ec-a613-6d16c06f7a72 -accessToken D28swjz8Jgbl6sqawi2P80vtoc3daY8_h0eLwdBFpew007f","communication_protocol_version":"1.5.0","com.unity.ml-agents_version":"2.1.0-exp.1","scene_name":"Base","end_time_seconds":"1632836343"}}