{
    "name": "root",
    "metadata": {
        "timer_format_version": "0.1.0",
        "start_time_seconds": "1632765366",
        "python_version": "3.8.10 (tags/v3.8.10:3d8993a, May  3 2021, 11:48:03) [MSC v.1928 64 bit (AMD64)]",
        "command_line_arguments": "E:\\unity 1\\Plants vs zombies clone\\venv\\Scripts\\mlagents-learn --run-id=Test12",
        "mlagents_version": "0.27.0",
        "mlagents_envs_version": "0.27.0",
        "communication_protocol_version": "1.5.0",
        "pytorch_version": "1.9.1+cpu",
        "numpy_version": "1.21.2",
        "end_time_seconds": "1632765375"
    },
    "total": 8.4820253,
    "count": 1,
    "self": 0.007186900000000662,
    "children": {
        "run_training.setup": {
            "total": 0.04315250000000004,
            "count": 1,
            "self": 0.04315250000000004
        },
        "TrainerController.start_learning": {
            "total": 8.4316859,
            "count": 1,
            "self": 0.003406799999993382,
            "children": {
                "TrainerController._reset_env": {
                    "total": 4.9436617,
                    "count": 1,
                    "self": 4.9436617
                },
                "TrainerController.advance": {
                    "total": 3.3977509000000055,
                    "count": 169,
                    "self": 0.0027703000000105504,
                    "children": {
                        "env_step": {
                            "total": 3.3802092999999998,
                            "count": 169,
                            "self": 3.272104299999997,
                            "children": {
                                "SubprocessEnvManager._take_step": {
                                    "total": 0.10625920000000022,
                                    "count": 169,
                                    "self": 0.008789300000011657,
                                    "children": {
                                        "TorchPolicy.evaluate": {
                                            "total": 0.09746989999998856,
                                            "count": 168,
                                            "self": 0.022004299999986543,
                                            "children": {
                                                "TorchPolicy.sample_actions": {
                                                    "total": 0.07546560000000202,
                                                    "count": 168,
                                                    "self": 0.07546560000000202
                                                }
                                            }
                                        }
                                    }
                                },
                                "workers": {
                                    "total": 0.001845800000002562,
                                    "count": 168,
                                    "self": 0.0,
                                    "children": {
                                        "worker_root": {
                                            "total": 3.385563699999995,
                                            "count": 168,
                                            "is_parallel": true,
                                            "self": 0.27124749999999587,
                                            "children": {
                                                "steps_from_proto": {
                                                    "total": 0.0004450000000000287,
                                                    "count": 1,
                                                    "is_parallel": true,
                                                    "self": 0.00021860000000017976,
                                                    "children": {
                                                        "_process_rank_one_or_two_observation": {
                                                            "total": 0.00022639999999984894,
                                                            "count": 2,
                                                            "is_parallel": true,
                                                            "self": 0.00022639999999984894
                                                        }
                                                    }
                                                },
                                                "UnityEnvironment.step": {
                                                    "total": 3.1138711999999993,
                                                    "count": 168,
                                                    "is_parallel": true,
                                                    "self": 0.0113443999999987,
                                                    "children": {
                                                        "UnityEnvironment._generate_step_input": {
                                                            "total": 0.008481100000005348,
                                                            "count": 168,
                                                            "is_parallel": true,
                                                            "self": 0.008481100000005348
                                                        },
                                                        "communicator.exchange": {
                                                            "total": 3.062606600000006,
                                                            "count": 168,
                                                            "is_parallel": true,
                                                            "self": 3.062606600000006
                                                        },
                                                        "steps_from_proto": {
                                                            "total": 0.031439099999989395,
                                                            "count": 168,
                                                            "is_parallel": true,
                                                            "self": 0.01581999999999173,
                                                            "children": {
                                                                "_process_rank_one_or_two_observation": {
                                                                    "total": 0.015619099999997665,
                                                                    "count": 336,
                                                                    "is_parallel": true,
                                                                    "self": 0.015619099999997665
                                                                }
                                                            }
                                                        }
                                                    }
                                                }
                                            }
                                        }
                                    }
                                }
                            }
                        },
                        "trainer_advance": {
                            "total": 0.014771299999995158,
                            "count": 168,
                            "self": 0.0033896999999889488,
                            "children": {
                                "process_trajectory": {
                                    "total": 0.011381600000006209,
                                    "count": 168,
                                    "self": 0.011381600000006209
                                }
                            }
                        }
                    }
                },