{
    "name": "root",
    "metadata": {
        "timer_format_version": "0.1.0",
        "start_time_seconds": "1632766490",
        "python_version": "3.8.10 (tags/v3.8.10:3d8993a, May  3 2021, 11:48:03) [MSC v.1928 64 bit (AMD64)]",
        "command_line_arguments": "E:\\unity 1\\Plants vs zombies clone\\venv\\Scripts\\mlagents-learn --run-id=Test17",
        "mlagents_version": "0.27.0",
        "mlagents_envs_version": "0.27.0",
        "communication_protocol_version": "1.5.0",
        "pytorch_version": "1.9.1+cpu",
        "numpy_version": "1.21.2",
        "end_time_seconds": "1632766513"
    },
    "total": 23.177528199999998,
    "count": 1,
    "self": 0.006863899999999035,
    "children": {
        "run_training.setup": {
            "total": 0.04436200000000001,
            "count": 1,
            "self": 0.04436200000000001
        },
        "TrainerController.start_learning": {
            "total": 23.1263023,
            "count": 1,
            "self": 0.03131440000005625,
            "children": {
                "TrainerController._reset_env": {
                    "total": 4.2531352,
                    "count": 1,
                    "self": 4.2531352
                },
                "TrainerController.advance": {
                    "total": 18.76363869999994,
                    "count": 1665,
                    "self": 0.03141980000003386,
                    "children": {
                        "env_step": {
                            "total": 18.592367599999974,
                            "count": 1665,
                            "self": 17.566806999999937,
                            "children": {
                                "SubprocessEnvManager._take_step": {
                                    "total": 1.0063952999999737,
                                    "count": 1665,
                                    "self": 0.08288349999994349,
                                    "children": {
                                        "TorchPolicy.evaluate": {
                                            "total": 0.9235118000000302,
                                            "count": 1645,
                                            "self": 0.21337849999996816,
                                            "children": {
                                                "TorchPolicy.sample_actions": {
                                                    "total": 0.710133300000062,
                                                    "count": 1645,
                                                    "self": 0.710133300000062
                                                }
                                            }
                                        }
                                    }
                                },
                                "workers": {
                                    "total": 0.01916530000006489,
                                    "count": 1664,
                                    "self": 0.0,
                                    "children": {
                                        "worker_root": {
                                            "total": 18.75096810000002,
                                            "count": 1664,
                                            "is_parallel": true,
                                            "self": 2.592274500000048,
                                            "children": {
                                                "steps_from_proto": {
                                                    "total": 0.0003180999999994327,
                                                    "count": 1,
                                                    "is_parallel": true,
                                                    "self": 0.0001657000000001574,
                                                    "children": {
                                                        "_process_rank_one_or_two_observation": {
                                                            "total": 0.00015239999999927534,
                                                            "count": 2,
                                                            "is_parallel": true,
                                                            "self": 0.00015239999999927534
                                                        }
                                                    }
                                                },
                                                "UnityEnvironment.step": {
                                                    "total": 16.158375499999973,
                                                    "count": 1664,
                                                    "is_parallel": true,
                                                    "self": 0.11199900000001506,
                                                    "children": {
                                                        "UnityEnvironment._generate_step_input": {
                                                            "total": 0.08374479999999718,
                                                            "count": 1664,
                                                            "is_parallel": true,
                                                            "self": 0.08374479999999718
                                                        },
                                                        "communicator.exchange": {
                                                            "total": 15.664916300000026,
                                                            "count": 1664,
                                                            "is_parallel": true,
                                                            "self": 15.664916300000026
                                                        },
                                                        "steps_from_proto": {
                                                            "total": 0.2977153999999338,
                                                            "count": 1664,
                                                            "is_parallel": true,
                                                            "self": 0.14896229999993515,
                                                            "children": {
                                                                "_process_rank_one_or_two_observation": {
                                                                    "total": 0.14875309999999864,
                                                                    "count": 3328,
                                                                    "is_parallel": true,
                                                                    "self": 0.14875309999999864
                                                                }
                                                            }
                                                        }
                                                    }
                                                }
                                            }
                                        }
                                    }
                                }
                            }
                        },
                        "trainer_advance": {
                            "total": 0.13985129999993173,
                            "count": 1664,
                            "self": 0.036078599999918026,
                            "children": {
                                "process_trajectory": {
                                    "total": 0.1037727000000137,
                                    "count": 1664,
                                    "self": 0.1037727000000137
                                }
                            }
                        }
                    }
                },