{
    "name": "root",
    "metadata": {
        "timer_format_version": "0.1.0",
        "start_time_seconds": "1632767724",
        "python_version": "3.8.10 (tags/v3.8.10:3d8993a, May  3 2021, 11:48:03) [MSC v.1928 64 bit (AMD64)]",
        "command_line_arguments": "E:\\unity 1\\Plants vs zombies clone\\venv\\Scripts\\mlagents-learn --run-id=Test21",
        "mlagents_version": "0.27.0",
        "mlagents_envs_version": "0.27.0",
        "communication_protocol_version": "1.5.0",
        "pytorch_version": "1.9.1+cpu",
        "numpy_version": "1.21.2",
        "end_time_seconds": "1632767737"
    },
    "total": 12.618631800000001,
    "count": 1,
    "self": 0.00524650000000193,
    "children": {
        "run_training.setup": {
            "total": 0.041970299999999905,
            "count": 1,
            "self": 0.041970299999999905
        },
        "TrainerController.start_learning": {
            "total": 12.571415,
            "count": 1,
            "self": 0.01226440000000828,
            "children": {
                "TrainerController._reset_env": {
                    "total": 5.2614625,
                    "count": 1,
                    "self": 5.2614625
                },
                "TrainerController.advance": {
                    "total": 7.225861599999989,
                    "count": 655,
                    "self": 0.011322499999970148,
                    "children": {
                        "env_step": {
                            "total": 7.151625000000021,
                            "count": 655,
                            "self": 6.729832000000004,
                            "children": {
                                "SubprocessEnvManager._take_step": {
                                    "total": 0.41426540000001655,
                                    "count": 655,
                                    "self": 0.033488800000004204,
                                    "children": {
                                        "TorchPolicy.evaluate": {
                                            "total": 0.38077660000001234,
                                            "count": 647,
                                            "self": 0.08672680000001964,
                                            "children": {
                                                "TorchPolicy.sample_actions": {
                                                    "total": 0.2940497999999927,
                                                    "count": 647,
                                                    "self": 0.2940497999999927
                                                }
                                            }
                                        }
                                    }
                                },
                                "workers": {
                                    "total": 0.0075276000000013,
                                    "count": 654,
                                    "self": 0.0,
                                    "children": {
                                        "worker_root": {
                                            "total": 7.219571700000002,
                                            "count": 654,
                                            "is_parallel": true,
                                            "self": 1.0724253999999993,
                                            "children": {
                                                "steps_from_proto": {
                                                    "total": 0.00030739999999962464,
                                                    "count": 1,
                                                    "is_parallel": true,
                                                    "self": 0.00016399999999894277,
                                                    "children": {
                                                        "_process_rank_one_or_two_observation": {
                                                            "total": 0.00014340000000068187,
                                                            "count": 2,
                                                            "is_parallel": true,
                                                            "self": 0.00014340000000068187
                                                        }
                                                    }
                                                },
                                                "UnityEnvironment.step": {
                                                    "total": 6.146838900000003,
                                                    "count": 654,
                                                    "is_parallel": true,
                                                    "self": 0.04419869999996351,
                                                    "children": {
                                                        "UnityEnvironment._generate_step_input": {
                                                            "total": 0.03234470000001721,
                                                            "count": 654,
                                                            "is_parallel": true,
                                                            "self": 0.03234470000001721
                                                        },
                                                        "communicator.exchange": {
                                                            "total": 5.952918300000021,
                                                            "count": 654,
                                                            "is_parallel": true,
                                                            "self": 5.952918300000021
                                                        },
                                                        "steps_from_proto": {
                                                            "total": 0.11737720000000174,
                                                            "count": 654,
                                                            "is_parallel": true,
                                                            "self": 0.05918899999997507,
                                                            "children": {
                                                                "_process_rank_one_or_two_observation": {
                                                                    "total": 0.05818820000002667,
                                                                    "count": 1308,
                                                                    "is_parallel": true,
                                                                    "self": 0.05818820000002667
                                                                }
                                                            }
                                                        }
                                                    }
                                                }
                                            }
                                        }
                                    }
                                }
                            }
                        },
                        "trainer_advance": {
                            "total": 0.06291409999999775,
                            "count": 654,
                            "self": 0.01359189999998378,
                            "children": {
                                "process_trajectory": {
                                    "total": 0.04932220000001397,
                                    "count": 654,
                                    "self": 0.04932220000001397
                                }
                            }
                        }
                    }
                },